Date,Open,High,Low,Adj Close,Volume,sma,rsi,ma,std_dev,upperband,lowerband,EMA12,EMA26,MACD,Signal_Line,MACD_Histogram,Close
2023-03-03,524.0,525.0,516.0,501.0718994140625,23253895,526.95,45.0,526.95,12.2409,551.4318,502.4682,519.3415218529216,514.5672231839053,4.774298669016275,8.013273344488212,-3.238974675471937,516.0
2023-03-06,520.0,524.0,517.0,505.92724609375,21922085,526.0,42.963,526.0,11.9075,549.815,502.185,519.5966723370875,515.0437251702826,4.55294716680487,7.321208108951543,-2.7682609421466733,521.0
2023-03-07,521.0,526.0,519.0,508.8404541015625,24861078,525.1,43.3824,525.1,11.2993,547.6986,502.5014,520.274107362151,515.7071529354469,4.566954426704115,6.770357372502058,-2.2034029457979436,524.0
2023-03-08,521.0,523.0,518.0,505.92724609375,24512408,524.85,47.9675,524.85,11.3336,547.5172,502.1828,520.3857831525893,516.0992156809693,4.2865674716199464,6.273599392325636,-1.9870319207056895,521.0
2023-03-09,525.0,526.0,522.0,506.89837646484375,21557577,524.8,49.5868,524.8,11.3444,547.4888,502.1112,520.6341242060371,516.5363108157123,4.097813390324745,5.838442191925458,-1.740628801600713,522.0
2023-03-10,515.0,516.0,511.0,498.15869140625,24045605,523.45,38.0531,523.45,11.0429,545.5358,501.3642,519.4596435589544,516.2743618664003,3.185281692554099,5.307810092051186,-2.122528399497087,513.0
2023-03-13,513.0,518.0,509.0,501.0718994140625,21466947,522.25,39.6552,522.25,10.4372,543.1244,501.3756,518.9273907037307,516.2540387651854,2.6733519385452382,4.780918461349996,-2.107566522804758,516.0
2023-03-14,511.0,514.0,510.0,495.2454528808594,20474770,520.5,35.0427,520.5,9.2935,539.087,501.913,517.5539459800798,515.790776634431,1.7631693456487483,4.177368638209747,-2.4141992925609985,510.0
2023-03-15,515.0,516.0,510.0,496.216552734375,23208597,519.0,36.8421,519.0,8.1628,535.3256,502.6744,516.5456465985291,515.4359042911399,1.1097423073891832,3.563843372045634,-2.454101064656451,511.0
2023-03-16,505.0,510.0,504.0,493.04327392578125,21965994,517.0,32.7586,517.0,6.0957,529.1914,504.8086,514.7693932756785,514.662874343648,0.10651893203043983,2.872378484042595,-2.7658595520121554,505.0
2023-03-17,516.0,518.0,513.0,505.7355041503906,33118483,516.65,46.789,516.65,5.8063,528.2626,505.0374,515.2664096948049,514.9100688367112,0.35634085809374483,2.369170958852825,-2.0128301007590803,518.0
2023-03-20,517.0,518.0,510.0,499.8775634765625,11837312,515.85,42.8571,515.85,5.2342,526.3184,505.3816,514.7638851263735,514.69450818214,0.0693769442334542,1.9092121559289512,-1.839835211695497,512.0
2023-03-21,515.0,517.0,512.0,504.7591857910156,18284799,515.8,49.5327,515.8,5.2174,526.2348,505.3652,515.1079027992391,514.8652853538333,0.24261744540581276,1.5758932138243236,-1.3332757684185108,517.0
2023-03-22,524.0,533.0,524.0,520.3803100585938,42385987,516.6,56.5574,516.6,6.484,529.568,503.632,517.8605331378177,516.2085975498456,1.6519355879720479,1.5911016886538685,0.060833899318179396,533.0
2023-03-23,528.0,539.0,528.0,525.261962890625,26728246,517.7,58.7302,517.7,8.0531,533.8062,501.5938,520.9589126550766,517.8227755091164,3.1361371459602196,1.900108780115139,1.2360283658450806,538.0
2023-03-24,536.0,539.0,535.0,526.23828125,21926240,519.3,63.5593,519.3,8.9449,537.1898,501.4102,523.7344645542955,519.3914588047373,4.343005749558188,2.388688174003749,1.9543175755544389,539.0
2023-03-27,533.0,536.0,531.0,518.427734375,16111177,519.95,55.6522,519.95,9.3103,538.5706,501.3294,524.85223923825,520.2513507451272,4.600888493122852,2.8311282378275697,1.7697602552952825,531.0
2023-03-28,525.0,530.0,524.0,512.5697631835938,17234120,520.65,56.1404,520.65,9.1265,538.903,502.397,524.8749716631346,520.6031025417844,4.271869121350164,3.119276414532089,1.1525927068180755,525.0
2023-03-29,533.0,533.0,525.0,517.4513549804688,17280749,521.05,53.7037,521.05,9.361,539.772,502.328,525.6634375611138,521.2991690201708,4.364268540943044,3.36827483981428,0.9959937011287643,530.0
2023-03-30,536.0,537.0,531.0,522.3330078125,19201564,521.85,57.2727,521.85,9.8477,541.5454,502.1546,527.0998317824809,522.314045389047,4.785786393433909,3.651777150538206,1.1340092428957034,535.0
2023-03-31,538.0,538.0,532.0,520.3803100585938,23558838,522.7,57.7982,522.7,10.0478,542.7956,502.6044,528.0075499697916,523.105597582451,4.901952387340657,3.9018121978986966,1.0001401894419604,533.0
2023-04-06,530.0,531.0,526.0,517.4513549804688,25423363,523.15,54.2056,523.15,10.1684,543.4868,502.8132,528.3140807436698,523.616294057825,4.69778668584479,4.061007095487915,0.6367795903568743,530.0
2023-04-07,535.0,535.0,529.0,518.427734375,8557482,523.5,53.3333,523.5,10.3186,544.1372,502.8628,528.7272990907976,524.1632352387269,4.564063852070717,4.161618446804476,0.4024454052662412,531.0
2023-04-10,533.0,533.0,528.0,516.4750366210938,7435151,523.9,53.8462,523.9,10.3715,544.643,503.157,528.7692530768287,524.5215141099324,4.24773896689635,4.178842550822851,0.06889641607349883,529.0
2023-04-11,522.0,527.0,522.0,511.5934753417969,22675697,524.0,50.9259,524.0,10.3619,544.7238,503.2762,528.0355218342397,524.4828834351225,3.5526383991171997,4.053601720481721,-0.5009633213645213,524.0
2023-04-12,523.0,524.0,517.0,507.68817138671875,23816473,524.35,53.3981,524.35,10.0853,544.5206,504.1794,526.7992877058952,524.1508179954837,2.6484697104114048,3.772575318467658,-1.124105608056253,520.0
2023-04-13,515.0,517.0,510.0,497.9248962402344,25536889,524.05,47.2727,524.05,10.4301,544.9102,503.1898,524.2147819049882,523.1026092550776,1.1121726499105762,3.2404947847562418,-2.1283221348456656,510.0
2023-04-14,516.0,520.0,513.0,503.7828369140625,18072504,524.35,52.7273,524.35,10.0853,544.5206,504.1794,522.9509693042207,522.5764900509978,0.37447925322294395,2.6672916784495824,-2.2928124252266384,516.0
2023-04-17,519.0,520.0,514.0,507.68817138671875,14634287,524.8,53.9823,524.8,9.6497,544.0994,505.5006,522.4969740266483,522.3856389361091,0.11133509053922808,2.156100360867512,-2.0447652703282837,520.0
2023-04-18,518.0,520.0,514.0,502.8065490722656,15168888,525.3,54.4643,525.3,8.7905,542.881,507.719,521.343593407164,521.8385545704714,-0.49496116330738005,1.6258880560325335,-2.1208492193399135,515.0
2023-04-19,517.0,518.0,509.0,497.9248962402344,21123233,524.9,46.1538,524.9,9.307,543.514,506.286,519.5984251906773,520.9616246022883,-1.363199411611049,1.0280705625038171,-2.3912699741148664,510.0
2023-04-20,512.0,516.0,510.0,500.8538818359375,17221961,524.95,50.495,524.95,9.2365,543.423,506.477,518.5832828536501,520.3718746317485,-1.7885917780984073,0.4647380943833723,-2.2533298724817796,513.0
2023-04-21,520.0,520.0,510.0,498.9012145996094,25016683,524.65,46.9388,524.65,9.5987,543.8474,505.4526,517.4166239530886,519.6776616960634,-2.2610377429748496,-0.08041707308827206,-2.1806206698865775,511.0
2023-04-24,505.0,510.0,504.0,494.9959716796875,16886512,523.35,34.8837,523.35,10.1529,543.6558,503.0442,515.8140664218442,518.7385756445032,-2.924509222658912,-0.6492355030024002,-2.275273719656512,507.0
2023-04-25,504.0,505.0,498.0,486.2090148925781,36898412,521.35,27.7778,521.35,11.018,543.386,499.314,513.0734408184836,517.2023848560215,-4.128944037537849,-1.34517720990949,-2.7837668276283587,498.0
2023-04-26,498.0,498.5,491.0,479.8629150390625,31269245,518.975,25.1309,518.975,12.0814,543.1378,494.8122,509.75444992333223,515.2985044963162,-5.54405457298401,-2.1849526825243943,-3.3591018904596153,491.5
2023-04-27,491.0,495.0,489.0,481.8155822753906,29537148,517.1,29.0503,517.1,12.9925,543.085,491.115,507.2537653197427,513.6838004595521,-6.4300351398094335,-3.0339691739814025,-3.396065965828031,493.5
2023-04-28,498.5,502.0,498.0,490.1143493652344,24824100,515.95,37.5,515.95,13.2714,542.4928,489.4072,506.44549373209,512.8183337588446,-6.372840026754602,-3.701743344536043,-2.6710966822185593,502.0
2023-05-02,500.0,502.0,496.5,489.1380310058594,15325791,514.5,33.5227,514.5,13.2397,540.9794,488.0206,505.6077254656146,511.94290162855975,-6.335176162945174,-4.228429908217869,-2.1067462547273053,501.0
2023-05-03,496.0,498.0,495.0,484.25640869140625,11369311,512.55,27.8409,512.55,12.9299,538.4098,486.6902,504.12961385552006,510.7619459523702,-6.632332096850121,-4.70921034594432,-1.9231217509058007,496.0
2023-05-04,497.0,499.5,496.0,486.2090148925781,13140291,510.8,30.1136,510.8,12.3729,535.5458,486.0542,503.1865963392862,509.816616622565,-6.630020283278782,-5.093372333411213,-1.536647949867569,498.0
2023-05-05,500.0,502.0,498.5,488.16168212890625,7488897,509.3,32.7586,509.3,11.7242,532.7484,485.8516,502.69635074862686,509.08945983570834,-6.393109087081484,-5.3533196841452675,-1.0397894029362167,500.0
2023-05-08,509.0,509.0,502.0,492.06695556640625,11243634,507.95,35.0,507.95,10.5941,529.1382,486.7618,502.89691217191506,508.71246281084103,-5.81555063892597,-5.445765875101408,-0.36978476382456194,504.0
2023-05-09,507.0,510.0,505.0,497.9248962402344,16197743,507.0,39.8936,507.0,9.3906,525.7812,488.2188,503.98969491469734,508.8078359359639,-4.81814102126657,-5.32024090433444,0.5020998830678707,510.0
2023-05-10,508.0,508.0,500.0,491.09063720703125,18859212,505.95,39.0625,505.95,8.5238,522.9976,488.9024,503.8374341585901,508.37762586663325,-4.540191708043153,-5.164231065076183,0.6240393570330296,503.0
2023-05-11,506.0,506.0,498.5,487.18536376953125,13382927,504.9,39.0625,504.9,7.9779,520.8558,488.9442,503.09321351880703,507.68298691354926,-4.589773394742224,-5.049339531009391,0.459566136267167,499.0
2023-05-12,496.0,500.0,495.0,484.25640869140625,18465362,504.2,42.1348,504.2,8.1198,520.4396,487.9604,502.00194990052904,506.8175804755086,-4.8156305749795365,-5.00259773980342,0.18696716482388354,496.0
2023-05-15,497.0,499.5,494.5,483.76824951171875,13315766,503.175,37.7246,503.175,7.841,518.857,487.493,501.0016499158323,505.97924118102645,-4.977591265194178,-4.997596444881572,0.020005179687394126,495.5
2023-05-16,503.0,508.0,500.0,493.04327392578125,21140315,502.425,41.573,502.425,6.7945,516.014,488.836,501.6167806980119,505.9067047972467,-4.289924099234781,-4.8560619757522145,0.5661378765174332,505.0
2023-05-17,508.0,521.0,506.0,506.71185302734375,41406763,502.625,52.0408,502.625,7.2291,517.0832,488.1668,504.291122129087,506.8765785159692,-2.5854563868821856,-4.401940857978209,1.8164844710960235,519.0
2023-05-18,533.0,536.0,526.0,517.4513549804688,43096277,503.625,59.6154,503.625,9.3694,522.3638,484.8862,508.24633410922746,508.5894245518233,-0.34309044259583743,-3.590170774901735,3.2470803323058974,530.0
2023-05-19,535.0,535.0,529.0,519.4039916992188,32099068,504.575,59.2233,504.575,11.1618,526.8986,482.2514,511.9007442462694,510.3235412516882,1.5772029945812278,-2.5566960210051426,4.133899015586371,532.0
2023-05-22,532.0,533.0,529.0,518.427734375,17208135,505.575,59.8039,505.575,12.5743,530.7236,480.4264,514.8390912853049,511.85513078860015,2.9839604967047535,-1.4485647174631633,4.432525214167917,531.0
2023-05-23,530.0,531.0,525.0,517.4513549804688,19588873,506.725,61.6162,506.725,13.7118,534.1486,479.3014,517.1715387798733,513.1991951746297,3.9723436052436227,-0.36438305292180606,4.3367266581654285,530.0
2023-05-24,527.0,528.0,524.0,512.5697631835938,19086681,508.075,64.2105,508.075,14.1303,536.3356,479.8144,518.3759174291235,514.0733288653979,4.302588563725635,0.5690112704076822,3.733577293317953,525.0
2023-05-25,542.0,545.0,537.0,530.1435546875,63827245,510.65,74.1784,510.65,15.57,541.79,479.51,522.164237824643,516.2160452457388,5.948192578904241,1.644847532106994,4.303345046797247,543.0
2023-05-26,568.0,568.0,563.0,552.5990600585938,95808471,514.275,78.4314,514.275,19.3482,552.9714,475.5786,528.9082012362363,519.9037455979062,9.004455638330114,3.116769153351618,5.887686484978496,566.0
2023-05-29,574.0,574.0,564.0,554.5516967773438,54657853,517.575,77.2727,517.575,22.5139,562.6028,472.5472,534.9223241229691,523.4664311091724,11.455893013796754,4.784593925440646,6.671299088356108,568.0
2023-05-30,566.0,568.0,563.0,552.5990600585938,40136130,520.825,76.6393,520.825,24.591,570.007,471.643,539.7035050271277,526.6170658418263,13.086439185301401,6.444962977412797,6.641476207888604,566.0
2023-05-31,560.0,562.0,551.0,544.7884521484375,81176782,523.925,74.8,523.925,25.1973,574.3196,473.5304,542.5183504075695,528.9417276313206,13.576622776248882,7.871294937180015,5.705327839068867,558.0
2023-06-01,550.0,554.0,550.0,537.9541625976562,24477529,526.575,70.3846,526.575,25.1141,576.8032,476.3468,543.8232195756357,530.5756737327043,13.247545842931345,8.946545118330281,4.301000724601064,551.0
2023-06-02,559.0,564.0,557.0,548.6937255859375,30206141,529.675,72.3022,529.675,25.4849,580.6448,478.7052,546.6196473332302,532.9034016043558,13.716245728874355,9.900485240439096,3.8157604884352594,562.0
2023-06-05,560.0,560.0,555.0,541.8594970703125,16827391,532.225,67.9577,532.225,25.3317,582.8884,481.5616,547.9089323588871,534.5401866706999,13.368745688187232,10.594137329988724,2.774608358198508,555.0
2023-06-06,554.0,562.0,553.0,546.7411499023438,20228086,534.725,67.7305,534.725,25.4897,585.7044,483.7456,549.769096611366,536.4260987691666,13.342997842199338,11.143909432430847,2.199088409768491,560.0
2023-06-07,561.0,568.0,560.0,554.5516967773438,27604813,537.975,72.8873,537.975,25.3753,588.7256,487.2244,552.5738509788481,538.7649062677468,13.808944711101276,11.676916488164933,2.132028222936343,568.0
2023-06-08,562.0,568.0,555.0,545.7647705078125,23080195,540.975,70.4082,540.975,24.0364,589.0478,492.9022,553.5624892897945,540.2638020997656,13.298687190028886,12.001270628537723,1.297416561491163,559.0
2023-06-09,561.0,566.0,561.0,551.6227416992188,19091713,544.425,73.0,544.425,22.1165,588.658,500.192,555.3221063221338,542.0961130553385,13.225993266795285,12.246215156189237,0.9797781106060484,565.0
2023-06-12,574.0,574.0,571.0,560.4096069335938,26392389,548.35,74.7634,548.35,19.8236,587.9972,508.7028,558.1956284264209,544.4593639401282,13.736264486292612,12.544225022209913,1.1920394640826988,574.0
2023-06-13,593.0,594.0,589.0,578.9597778320312,56174363,552.75,76.1905,552.75,19.4581,591.6662,513.8338,563.5501471300485,548.0549666112299,15.495180518818529,13.134416121531636,2.360764397286893,593.0
2023-06-14,590.0,591.0,587.0,576.0308227539062,23583314,556.3,72.6115,556.3,19.4533,595.2066,517.3934,567.6193552638872,551.1620061215092,16.457349142378007,13.799002725700912,2.6583464166770945,590.0
2023-06-15,590.0,593.0,587.0,579.7089233398438,27392154,559.35,70.7483,559.35,19.8899,599.1298,519.5702,571.2163775309815,554.112968631027,17.103408899954502,14.45988396055163,2.6435249394028713,591.0
2023-06-16,590.0,590.0,584.0,577.7471313476562,38128802,562.2,69.3878,562.2,19.8484,601.8968,522.5032,573.9523194492921,556.6971931768769,17.25512627241517,15.018932422924339,2.2361938494908298,589.0
2023-06-19,583.0,585.0,582.0,571.86181640625,14346885,564.8,67.1053,564.8,18.9309,602.6618,526.9382,575.3442703032472,558.6455492378491,16.698721065398104,15.354890151419093,1.3438309139790103,583.0
2023-06-20,579.0,585.0,579.0,571.86181640625,16221413,567.45,67.5497,567.45,17.4551,602.3602,532.5398,576.5220748719784,560.449582627638,16.07249224434031,15.498410570003337,0.5740816743369734,583.0
2023-06-21,582.0,585.0,578.0,569.9000244140625,21703937,570.25,68.9189,570.25,14.5344,599.3188,541.1812,577.2109864301356,561.9718357663315,15.239150663804025,15.446558588763477,-0.20740792495945115,581.0
2023-06-26,576.0,578.0,574.0,563.0337524414062,27142262,571.8,61.3139,571.8,13.0529,597.9058,545.6942,576.716988517807,562.8628108947514,13.854177623055534,15.128082395621888,-1.273904772566354,574.0
2023-06-27,570.0,575.0,569.0,561.072021484375,21501718,572.1,52.5862,572.1,12.9814,598.0628,546.1372,575.9912979766059,563.5396397173624,12.451658259243459,14.592797568346203,-2.141139309102744,572.0
2023-06-28,579.0,579.0,571.0,563.0337524414062,18175426,572.4,52.5862,572.4,12.9509,598.3018,546.4982,575.6849444417435,564.31448121978,11.370463221963519,13.948330699069666,-2.577867477106148,574.0
2023-06-29,578.0,580.0,570.0,562.0528564453125,16937929,572.75,53.0435,572.75,12.8631,598.4762,547.0238,575.2718760660906,564.9578529812777,10.314023084812902,13.221469176218314,-2.9074460914054114,573.0
2023-06-30,570.0,576.0,568.0,564.9955444335938,22654976,573.65,58.1818,573.65,12.3981,598.4462,548.8538,575.3838951328459,565.7757897974793,9.608105335366531,12.498796408047959,-2.8906910726814274,576.0
2023-07-03,578.0,580.0,576.0,567.938232421875,14785585,575.05,63.2075,575.05,11.2319,597.5138,552.5862,575.9402189585619,566.755360923592,9.18485803496992,11.836008733432351,-2.6511506984624305,579.0
2023-07-04,585.0,585.0,580.0,573.8236694335938,17219541,576.2,61.3861,576.2,11.0005,598.201,554.199,577.3340314264755,568.1068156699927,9.227215756482792,11.31425013804244,-2.087034381559647,585.0
2023-07-05,589.0,589.0,579.0,570.8809814453125,14913592,577.55,63.9175,577.55,9.8594,597.2688,557.8312,578.0518727454792,569.1359404351783,8.915932310300832,10.834586572494118,-1.9186542621932858,582.0
2023-07-06,573.0,574.0,565.0,554.2056274414062,28564891,577.8,52.2936,577.8,9.4457,596.6914,558.9086,576.0438923230978,568.829574477017,7.214317846080803,10.110532827211456,-2.896214981130653,565.0
2023-07-07,565.0,572.0,563.0,554.2056274414062,18796190,577.65,48.5149,577.65,9.6315,596.913,558.387,574.3448319656982,568.5459022935343,5.798929672163922,9.24821219620195,-3.4492825240380274,565.0
2023-07-10,567.0,573.0,565.0,554.2056274414062,18454982,577.95,53.2609,577.95,9.0987,596.1474,559.7526,572.9071655094369,568.2832428643836,4.623922645053312,8.323354285972222,-3.6994316409189096,565.0
2023-07-11,574.0,577.0,570.0,565.9764404296875,17850636,578.55,56.1224,578.55,8.5807,595.7114,561.3886,573.5368323541389,568.928928578133,4.607903776005969,7.580264183978971,-2.972360407973002,577.0
2023-07-12,574.0,578.0,572.0,566.9573364257812,15588228,578.75,52.2222,578.75,8.5155,595.781,561.719,574.2234735304253,569.6008597945676,4.622613735857726,6.988734094354723,-2.366120358496997,578.0
2023-07-13,587.0,590.0,585.0,573.8236694335938,25442137,578.35,44.8718,578.35,7.9821,594.3142,562.3858,575.8814006795906,570.7415368468219,5.139863832768697,6.618960042037519,-1.479096209268822,585.0
2023-07-14,589.0,591.0,587.0,579.7089233398438,23121873,578.4,50.6173,578.4,8.0616,594.5232,562.2768,578.2073390365766,572.2421637470574,5.965175289519266,6.488203091533869,-0.5230278020146031,591.0
2023-07-17,588.0,591.0,587.0,579.7089233398438,13807834,578.4,50.0,578.4,8.0616,594.5232,562.2768,580.1754407232571,573.6316330991273,6.54380762412984,6.499323998053064,0.044483626076776694,591.0
2023-07-18,587.0,588.0,580.0,569.9000244140625,20932006,578.0,45.4545,578.0,7.6983,593.3966,562.6034,580.3022959966022,574.1774380547475,6.124857941854657,6.4244307868133825,-0.2995728449587256,581.0
2023-07-19,584.0,587.0,579.0,569.9000244140625,22499123,577.9,48.7805,577.9,7.6427,593.1854,562.6146,580.409635074048,574.6828130136552,5.726822060392806,6.284909041529268,-0.5580869811364622,581.0
2023-07-20,580.0,584.0,578.0,567.938232421875,15108109,577.7,47.619,577.7,7.554,592.808,562.592,580.192768139579,575.0026046422734,5.190163497305662,6.065959932684548,-0.8757964353788861,579.0
2023-07-21,560.0,563.0,557.0,549.30126953125,46711021,576.65,39.604,576.65,8.4746,593.5992,559.7008,577.0861884257977,573.8913005946976,3.194887831100118,5.491745512367662,-2.296857681267544,560.0
2023-07-24,557.0,563.0,557.0,547.3394775390625,25268835,575.85,41.6667,575.85,9.4383,594.7266,556.9734,574.1498517449057,572.7141672173126,1.4356845275931391,4.680533315412757,-3.2448487878196177,558.0
2023-07-25,561.0,569.0,561.0,558.1292724609375,19590349,575.7,48.5714,575.7,9.5261,594.7522,556.6478,573.357566861074,572.439043719734,0.9185231413400743,3.9281312805982207,-3.0096081392581464,569.0
2023-07-26,569.0,571.0,563.0,555.1865844726562,13314305,575.3,46.2264,575.3,9.7662,594.8324,555.7676,572.2256334978318,571.9620775182723,0.26355597955955545,3.195216220390488,-2.9316602408309325,566.0
2023-07-27,570.0,570.0,566.0,558.1292724609375,12200358,575.1,48.1481,575.1,9.8563,594.8126,555.3874,571.7293821904731,571.7426643687706,-0.0132821782975725,2.553516540652876,-2.5667987189504484,569.0
2023-07-28,569.0,573.0,565.0,556.16748046875,18540078,574.65,45.7944,574.65,10.0172,594.6844,554.6156,571.0017849304003,571.3913558970098,-0.38957096660953994,1.9648990392003927,-2.3544700058099326,567.0
2023-07-31,575.0,575.0,560.0,554.2056274414062,24208467,573.95,43.3962,573.95,10.185,594.32,553.58,570.0784334026464,570.917922126861,-0.8394887242145614,1.404021486517402,-2.2435102107319636,565.0
2023-08-01,565.0,568.0,564.0,556.16748046875,16259643,573.05,41.1765,573.05,9.9497,592.9494,553.1506,569.6048282637778,570.6277056730194,-1.0228774092415733,0.9186417073656071,-1.9415191166071804,567.0
2023-08-02,567.0,569.0,558.0,550.2821655273438,25583234,572.0,40.0,572.0,10.063,592.126,551.874,568.2810085308889,569.9145422898328,-1.6335337589438268,0.4082066141037204,-2.0417403730475474,561.0
2023-08-04,556.0,560.0,552.0,543.4158935546875,26279173,571.45,44.2105,571.45,10.7433,592.9366,549.9634,566.0839302953676,568.7356873054007,-2.651757010033066,-0.2037861107236369,-2.447970899309429,554.0
2023-08-07,558.0,561.0,556.0,547.3394775390625,14369551,571.1,46.4646,571.1,11.0734,593.2468,548.9532,564.8402487114649,567.9404512087044,-3.1002024972394793,-0.7830693880268054,-2.3171331092126737,558.0
2023-08-08,558.0,558.0,551.0,541.4540405273438,19010690,570.45,43.8095,570.45,11.8076,594.0652,546.8348,562.864825832778,566.7596770450967,-3.894851212318713,-1.4054257528851868,-2.489425459433526,552.0
2023-08-09,550.0,557.0,550.0,543.4158935546875,14389090,569.3,37.8947,569.3,12.2479,593.7958,544.8042,561.5010064738891,565.814515782497,-4.313509308607877,-1.9870424640297248,-2.3264668445781522,554.0
2023-08-10,552.0,554.0,550.0,540.47314453125,17892615,567.95,36.0825,567.95,12.7175,593.385,542.515,559.8854670163678,564.7171442430528,-4.831677226684974,-2.5559694165607745,-2.2757078101241994,551.0
2023-08-11,556.0,558.0,546.0,535.5687255859375,17608427,566.0,29.4737,566.0,12.9534,591.9068,540.0932,557.749241321542,563.3306891139378,-5.581447792395807,-3.1610650917277807,-2.420382700668026,546.0
2023-08-14,540.0,543.0,537.0,530.6642456054688,20939030,563.5,23.4043,563.5,12.6969,588.8938,538.1062,555.1724349643816,561.6765639943868,-6.504129030005174,-3.8296778793832598,-2.6744511506219144,541.0
2023-08-15,543.0,545.0,540.0,531.6450805664062,14066307,561.05,24.2105,561.05,11.8076,584.6652,537.4348,553.1459065083229,560.2190407355433,-7.073134227220407,-4.478369148950689,-2.5947650782697185,542.0
2023-08-16,541.0,543.0,536.0,531.6450805664062,28269840,559.1,27.0588,559.1,11.5572,582.2144,535.9856,551.4311516608886,558.8694821625402,-7.438330501651535,-5.070361419490858,-2.367969082160677,542.0
2023-08-17,540.0,546.0,537.0,533.6068725585938,22843138,557.25,28.7356,557.25,10.8039,578.8578,535.6422,550.2878975592134,557.7680390393891,-7.480141480175689,-5.5523174316278245,-1.9278240485478646,544.0
2023-08-18,540.0,544.0,539.0,528.702392578125,17592345,555.25,27.7778,555.25,10.254,575.758,534.742,548.5512979347191,556.3778139253602,-7.826515990641155,-6.007157143430491,-1.8193588472106645,539.0
2023-08-21,544.0,544.0,534.0,526.7406616210938,16633821,554.1,34.2466,554.1,10.9588,576.0176,532.1824,546.7741751755315,554.9424203012595,-8.168245125728049,-6.439374739890003,-1.7288703858380456,537.0
2023-08-22,544.0,544.0,538.0,530.6642456054688,14594304,553.25,38.6667,553.25,11.2945,575.839,530.661,545.8858405331421,553.9096484270921,-8.023807893949993,-6.756261370702002,-1.267546523247991,541.0
2023-08-23,546.0,552.0,544.0,541.4540405273438,20636332,552.4,38.6667,552.4,10.6692,573.7384,531.0616,546.8264804511202,553.7681929880482,-6.94171253692798,-6.793351603947198,-0.1483609329807818,552.0
2023-08-24,563.0,564.0,558.0,553.224853515625,23280827,552.3,48.8095,552.3,10.5436,573.3872,531.2128,549.4685603817171,554.5261046185632,-5.05754423684607,-6.446190130526973,1.388645893680903,564.0
2023-08-25,549.0,551.0,546.0,535.5687255859375,24144537,551.15,38.3838,551.15,9.8583,570.8666,531.4334,548.9349357076068,553.8945413134844,-4.959605605877641,-6.148873225597107,1.189267619719466,546.0
2023-08-28,547.0,553.0,547.0,538.5114135742188,8991985,550.25,41.0,550.25,9.1299,568.5098,531.9902,548.9449455987442,553.5319826976707,-4.587037098926544,-5.836506000262995,1.249468901336451,549.0
2023-08-29,551.0,553.0,546.0,541.4540405273438,10516678,549.6,43.5644,549.6,8.4629,566.5258,532.6742,549.4149539681682,553.4185024978433,-4.003548529675072,-5.469914506145411,1.466365976470339,552.0
2023-08-30,558.0,560.0,554.0,544.396728515625,15117416,549.0,44.1176,549.0,7.5394,564.0788,533.9212,550.2741918192193,553.5356504609659,-3.2614586417466853,-5.028223333265666,1.766764691518981,555.0
2023-08-31,553.0,556.0,548.0,538.5114135742188,40431378,548.4,44.1176,548.4,6.9917,562.3834,534.4166,550.0781623085702,553.1996763527462,-3.121514044176024,-4.6468814754477386,1.5253674312717145,549.0
2023-09-01,543.0,553.0,543.0,537.530517578125,13669766,548.1,46.875,548.1,6.8664,561.8328,534.3672,549.7584450303286,552.8145151414317,-3.056070111103054,-4.328719202578802,1.2726490914757482,548.0
2023-09-04,549.0,557.0,549.0,546.3585205078125,9531157,548.05,49.505,548.05,6.7938,561.6376,534.4624,550.872530410278,553.1245510568812,-2.252020646603114,-3.913379491383665,1.6613588447805507,557.0
2023-09-05,553.0,555.0,550.0,541.4540405273438,12220686,548.05,50.0,548.05,6.7938,561.6376,534.4624,551.0459872702353,553.0412509785937,-1.9952637083583795,-3.529756334778608,1.5344926264202283,552.0
2023-09-06,556.0,556.0,550.0,539.4922485351562,14067008,547.85,48.0,547.85,6.6671,561.1842,534.5158,550.8850661517375,552.8159731283275,-1.9309069765899949,-3.2099864631408854,1.2790794865508905,550.0
2023-09-07,546.0,548.0,542.0,531.6450805664062,20717005,547.4,45.7143,547.4,6.7465,560.893,533.907,549.518132897624,552.0147899336366,-2.496657036012607,-3.06732057771523,0.5706635417026229,542.0
2023-09-08,535.0,540.0,535.0,528.702392578125,15283568,547.05,46.6019,547.05,6.9998,561.0496,533.0504,547.8999586056818,551.0507314200339,-3.150772814352081,-3.0840110250426003,-0.06676178930948051,539.0
2023-09-11,539.0,540.0,536.0,525.7598266601562,14631968,546.8,47.5248,546.8,7.3097,561.4194,532.1806,546.0691957432692,549.9358624259573,-3.8666666826881055,-3.240542156571702,-0.6261245261164037,536.0
2023-09-12,536.0,545.0,536.0,533.6068725585938,16028336,546.9,50.9259,546.9,7.254,561.408,532.392,545.7508579366124,549.4961689129234,-3.745310976310975,-3.3414959205195567,-0.4038150557914184,544.0
2023-09-13,545.0,548.0,541.0,530.6642456054688,16191392,546.85,49.5495,546.85,7.2929,561.4358,532.2642,545.0199567155952,548.8668230675216,-3.846866351926451,-3.4425700068009357,-0.40429634512551527,541.0
2023-09-14,544.0,550.0,543.0,542.5005493164062,17144287,547.15,52.5424,547.15,7.2929,561.7358,532.5642,545.7861172208882,548.9507620995571,-3.1646448786689234,-3.386984981174533,0.22234010250560976,550.0
2023-09-15,549.0,558.0,547.0,550.3914794921875,42517441,548.1,57.8512,548.1,7.4119,562.9238,533.2762,547.6651761099823,549.6210760181084,-1.9558999081260708,-3.100767966564841,1.14486805843877,558.0
2023-09-18,548.0,549.0,540.0,532.636962890625,36684692,548.25,51.0949,548.25,7.2029,562.6558,533.8442,546.4859182469081,548.9084037204707,-2.422485473562574,-2.965111467964388,0.5426259944018139,540.0
2023-09-19,539.0,543.0,538.0,530.6642456054688,18901683,548.1,48.8889,548.1,7.3906,562.8812,533.3188,545.1803923627684,548.1003738152506,-2.9199814524821477,-2.95608546486794,0.036104012385792306,538.0
2023-09-20,536.0,538.0,535.0,527.7051391601562,24635567,547.25,43.3071,547.25,7.8799,563.0098,531.4902,543.6141781531118,547.1299757548617,-3.5157976017499095,-3.0680278922443343,-0.44776970950557526,535.0
2023-09-21,530.0,531.0,526.0,519.814208984375,32012694,545.4,34.9593,545.4,8.0812,561.5624,529.2376,541.0581507449407,545.6388664396867,-4.580715694746004,-3.3705654527446685,-1.210150242001336,527.0
2023-09-22,523.0,525.0,522.0,514.8823852539062,29049309,544.2,39.0909,544.2,9.6223,563.4446,524.9554,538.1261275534114,543.8878392960062,-5.761711742594798,-3.848794710714695,-1.9129170318801032,522.0
2023-09-25,522.0,529.0,522.0,517.8414916992188,17116402,543.0,39.0909,543.0,10.4529,563.9058,522.0942,536.106723314425,542.4887400888946,-6.382016774469548,-4.355439123465666,-2.0265776510038824,525.0
2023-09-26,521.0,524.0,519.0,511.9233093261719,26392692,541.35,35.3982,541.35,11.5087,564.3674,518.3326,533.4749197275904,540.7488334156432,-7.273913688052744,-4.939134036383082,-2.3347796516696624,519.0
2023-09-27,517.0,523.0,516.0,514.8823852539062,16846401,539.7,35.3982,539.7,11.8103,563.3206,516.0794,531.7095474618072,539.3600309404103,-7.650483478603064,-5.481403924827078,-2.169079553775986,522.0
2023-09-28,523.0,525.0,520.0,515.8687133789062,19733331,538.4,37.963,538.4,12.1586,562.7172,514.0828,530.3696170830676,538.1481767966762,-7.778559713608615,-5.940835082583386,-1.837724631025229,523.0
2023-10-02,530.0,534.0,528.0,525.732421875,25427911,537.65,43.5897,537.65,11.9968,561.6436,513.6564,530.7742913779803,537.7668303672929,-6.992538989312607,-6.151175863929231,-0.841363125383376,533.0
2023-10-03,528.0,533.0,528.0,521.7869262695312,14490129,536.25,37.5,536.25,11.2291,558.7082,513.7918,530.5013234736756,537.1174355252712,-6.6161120515955645,-6.244163101462498,-0.37194895013306617,529.0
2023-10-04,521.0,523.0,519.0,512.90966796875,28358964,534.65,36.2069,534.65,11.1463,556.9426,512.3574,528.8857352469563,535.849477338214,-6.9637420912577,-6.388078899421539,-0.5756631918361608,520.0
2023-10-05,523.0,529.0,523.0,520.800537109375,24945684,533.55,40.9836,533.55,10.6251,554.8002,512.2998,528.7494682858861,535.2680345724203,-6.518566286534224,-6.414176376844077,-0.10438990969014661,528.0
2023-10-06,530.0,533.0,529.0,524.7460327148438,15336587,533.05,45.7627,533.05,10.4402,553.9304,512.1696,529.2495500880575,535.0259579374263,-5.776407849368752,-6.286622671349012,0.5102148219802602,532.0
2023-10-11,542.0,544.0,540.0,536.5823974609375,46639969,533.3,51.9685,533.3,10.648,554.596,512.004,531.5188500745102,535.6907017939131,-4.17185171940298,-5.863668480959806,1.6918167615568258,544.0
2023-10-12,545.0,550.0,544.0,542.5005493164062,34161176,534.0,55.3846,534.0,11.2764,556.5528,511.4472,534.3621039092009,536.7506498091789,-2.3885458999779985,-5.168643964763445,2.780098064785446,550.0
2023-10-13,550.0,554.0,548.0,545.459716796875,31123496,534.45,53.6,534.45,11.8609,558.1718,510.7282,537.2294725385545,537.9543053788693,-0.7248328403147752,-4.279881739873711,3.555048899558936,553.0
2023-10-16,546.0,547.0,542.0,537.5687866210938,19875676,534.65,51.5385,534.65,12.01,558.67,510.63,538.4249383018538,538.4762086841382,-0.051270382284428706,-3.434159468355855,3.3828890860714265,545.0
2023-10-17,550.0,552.0,548.0,543.4869384765625,18364998,534.7,50.3937,534.7,12.0791,558.8582,510.5418,540.3595631784917,539.4038969297576,0.9556662487341328,-2.5561943249378576,3.5118605736719903,551.0
2023-10-18,549.0,549.0,540.0,532.636962890625,26418940,533.8,43.0769,533.8,10.8608,555.5216,512.0784,540.3042457664161,539.4480527127384,0.8561930536776572,-1.8737168492147547,2.7299099028924116,540.0
2023-10-19,540.0,548.0,540.0,538.55517578125,22881262,534.1,52.5424,534.1,11.1209,556.3418,511.8582,541.1805156485059,539.9333821414244,1.2471335070814575,-1.2495467779555125,2.49668028503697,546.0
2023-10-20,549.0,556.0,546.0,548.4187622070312,45984177,535.0,57.1429,535.0,12.1352,559.2704,510.7296,543.4604363179665,541.1235019828005,2.3369343351660063,-0.5322505553312087,2.8691848904972153,556.0
2023-10-23,552.0,553.0,543.0,536.5823974609375,22747367,535.45,53.3333,535.45,12.3009,560.0518,510.8482,543.5434461152024,541.3365759100004,2.2068702052019944,0.015573596775431908,2.1912966084265624,544.0
2023-10-24,543.0,546.0,540.0,536.5823974609375,15007814,536.3,56.6929,536.3,12.2736,560.8472,511.7528,543.613685174402,541.5338665833337,2.0798185910682605,0.42842259563399765,1.651395995434263,544.0
2023-10-25,544.0,551.0,544.0,536.5823974609375,16526355,537.4,59.0164,537.4,11.9049,561.2098,513.5902,543.673118224494,541.7165431327164,1.9565750917776086,0.7340530948627199,1.2225219969148888,544.0
2023-10-26,530.0,535.0,530.0,523.7597045898438,28188348,537.7,52.2727,537.7,11.6488,560.9976,514.4024,541.723407728418,540.9227251228856,0.8006826055324154,0.747378996996659,0.05330360853575644,531.0
2023-10-27,534.0,536.0,532.0,525.732421875,15679643,538.4,55.4688,538.4,10.8599,560.1198,516.6802,540.3813450009691,540.3358565952644,0.04548840570464563,0.6070008787382564,-0.5615124730336107,533.0
2023-10-30,531.0,534.0,528.0,524.7460327148438,21404842,538.9,53.9683,538.9,10.2798,559.4596,518.3404,539.0919073085123,539.7183857363559,-0.6264784278436082,0.3603050174218835,-0.9867834452654917,532.0
2023-10-31,535.0,535.0,527.0,521.7869262695312,25667058,539.2,52.3438,539.2,9.8707,558.9414,519.4586,537.5393061841258,538.9244312373665,-1.3851250532406993,0.011219003289366924,-1.3963440565300662,529.0
2023-11-01,533.0,533.0,527.0,520.800537109375,13603347,538.95,47.8992,538.95,10.0968,559.1436,518.7564,536.0717206173373,538.1152141086727,-2.0434934913354255,-0.39972349563559156,-1.643769995699834,528.0
2023-11-02,536.0,547.0,535.0,539.54150390625,29401438,539.85,56.7164,539.85,9.9645,559.779,519.921,537.7529943685162,538.7733463969191,-1.0203520284029537,-0.5238492021890641,-0.49650282621388964,547.0
2023-11-03,547.0,549.0,545.0,541.5142211914062,15426176,541.3,61.4173,541.3,8.986,559.272,523.328,539.483302927206,539.5308762934436,-0.047573366237656955,-0.4285940349987827,0.3810206687611257,549.0
2023-11-06,553.0,556.0,550.0,542.5005493164062,29215201,542.4,59.1667,542.4,8.6109,559.6218,525.1782,541.1012563230204,540.3063669383737,0.7948893846466945,-0.18389735106968724,0.9787867357163818,550.0
2023-11-07,552.0,555.0,550.0,547.4324340820312,14777790,543.55,59.5041,543.55,8.6844,560.9188,526.1812,543.2395245810172,541.3947842021979,1.8447403788193242,0.22183019490811504,1.6229101839112092,555.0
2023-11-08,550.0,557.0,550.0,548.4187622070312,15314834,544.15,55.4545,544.15,9.1207,562.3914,525.9086,545.2026746454761,542.4766520390722,2.7260226064039443,0.7226686772072809,2.0033539291966633,556.0
2023-11-09,551.0,557.0,551.0,549.4051513671875,13165684,544.5,53.3333,544.5,9.4841,563.4682,525.5318,547.0176477769413,543.5524555917335,3.4651921852077976,1.2711733788073842,2.1940188064004134,557.0
2023-11-10,555.0,557.0,554.0,549.4051513671875,12994933,544.7,51.9608,544.7,9.7122,564.1244,525.2756,548.5533942727965,544.5485699923458,4.004824280450634,1.8179035591360342,2.1869207213146002,557.0
2023-11-13,579.0,580.0,571.0,563.2142333984375,43866014,546.0,62.037,546.0,11.3555,568.711,523.289,552.0067182308278,546.507935178098,5.498783052729777,2.554079457854783,2.9447035948749942,571.0
2023-11-14,576.0,576.0,571.0,564.2006225585938,21568576,547.05,60.1942,547.05,12.7299,572.5098,521.5902,555.0826077337774,548.3962362760167,6.6863714577607425,3.380537857835975,3.3058335999247674,572.0
2023-11-15,583.0,583.0,575.0,573.0779418945312,50305088,549.1,70.297,549.1,14.6858,578.4716,519.7284,559.0698988516579,550.8113298852006,8.258568966457233,4.356144079560227,3.9024248868970055,581.0
2023-11-16,581.0,583.0,578.0,575.0506591796875,28291435,550.95,69.0722,550.95,16.4939,583.9378,517.9622,562.7514528744797,553.1956758196302,9.5557770548495,5.396070674618082,4.159706380231418,583.0
2023-11-17,579.0,583.0,579.0,572.091552734375,22031704,552.15,63.3333,552.15,17.709,587.568,516.732,565.4050755091752,555.1811813144724,10.22389419470278,6.361635378635022,3.862258816067758,580.0
2023-11-20,576.0,579.0,575.0,569.1324462890625,22010114,553.8,70.3704,553.8,18.4322,590.6644,516.9356,567.1889100462251,556.7973901059929,10.391519940232229,7.167612290954464,3.2239076492777645,577.0
2023-11-21,582.0,585.0,581.0,577.0233764648438,35921706,555.85,73.0337,555.85,19.5321,594.9142,516.7858,569.9290777314213,558.8864723203639,11.04260541105748,7.942610914975068,3.0999944960824113,585.0
2023-11-22,576.0,579.0,574.0,569.1324462890625,21969125,557.5,67.0103,557.5,19.8693,597.2386,517.7614,571.0169119265872,560.228215111448,10.788696815139247,8.511828095007905,2.2768687201313416,577.0
2023-11-23,574.0,578.0,574.0,570.1187744140625,14486134,559.85,77.6471,559.85,19.3425,598.535,521.165,572.0912331686508,561.5446436217111,10.546589546939686,8.91878038539426,1.627809161545425,578.0
2023-11-24,577.0,578.0,574.0,567.15966796875,10058969,561.95,74.4186,561.95,18.5372,599.0244,524.8756,572.5387357580892,562.5413366867696,9.997399071319592,9.134504122579326,0.8628949487402657,575.0
2023-11-27,573.0,577.0,568.0,560.2551879882812,18528520,563.75,69.5652,563.75,17.1736,598.0972,529.4028,571.8404687183831,562.9456821173792,8.894786601003943,9.08656061826425,-0.19177401726030752,568.0
2023-11-28,565.0,576.0,565.0,567.15966796875,26343906,566.05,73.9583,566.05,15.247,596.544,535.556,572.3265504540166,563.8385945531289,8.487955900887641,8.966839674788929,-0.47888377390128767,575.0
2023-11-29,578.0,579.0,570.0,566.17333984375,24868842,568.35,73.9583,568.35,12.4108,593.1716,543.5284,572.5840042303217,564.5912912528971,7.992712977424617,8.772014335316067,-0.77930135789145,574.0
2023-11-30,576.0,577.0,570.0,569.1324462890625,47192647,569.85,68.75,569.85,11.472,592.794,546.906,573.2633881948876,565.5104548637937,7.752933331093914,8.568198134471636,-0.8152648033777226,577.0
2023-12-01,573.0,579.0,573.0,571.1051635742188,28051165,571.35,68.75,571.35,10.5245,592.399,550.301,574.1459438572126,566.5096804294386,7.636263427773997,8.381811193132108,-0.7455477653581113,579.0
2023-12-04,582.0,582.0,571.0,566.17333984375,26847171,572.55,64.2857,572.55,9.2536,591.0572,554.0428,574.123490956103,567.0645189161469,7.058972039956075,8.117243362496902,-1.0582713225408273,574.0
2023-12-05,571.0,572.0,567.0,562.2279052734375,22229723,573.3,59.0361,573.3,8.3168,589.9336,556.6664,573.4891077320872,567.2819619593952,6.207145772692002,7.735223844535922,-1.52807807184392,570.0
2023-12-06,568.0,575.0,568.0,562.2279052734375,21518089,574.0,58.5366,574.0,7.3126,588.6252,559.3748,572.9523219271507,567.483298110551,5.469023816599702,7.281983838948678,-1.8129600223489764,570.0
2023-12-07,570.0,573.0,566.0,558.282470703125,20840397,574.45,55.2941,574.45,6.4357,587.3214,561.5786,571.8827339383582,567.3734241764362,4.509309761922054,6.727449023543353,-2.2181392616212987,566.0
2023-12-08,574.0,577.0,570.0,562.2279052734375,33507214,575.1,57.3034,575.1,5.098,585.296,564.904,571.5930825632262,567.5679853485519,4.025097214674247,6.186978661769532,-2.1618814470952854,570.0
2023-12-11,572.0,575.0,570.0,566.17333984375,27378610,575.25,51.8987,575.25,5.0145,585.279,565.221,571.9633775534991,568.0444308782888,3.918946675210236,5.733372264457674,-1.8144255892474375,574.0
2023-12-12,580.0,581.0,575.0,570.1187744140625,29403010,575.55,53.6585,575.55,4.9892,585.5284,565.5716,572.8920886991147,568.78188044286,4.110208256254623,5.4087394628170635,-1.2985312065624406,578.0
2023-12-13,576.0,579.0,576.0,569.1324462890625,22977731,575.35,47.2973,575.35,4.8371,585.0242,565.6758,573.524075053097,569.3906300396852,4.1334450134118015,5.153680572936011,-1.0202355595242096,577.0
2023-12-14,581.0,582.0,579.0,577.0646362304688,39409958,575.3,49.3506,575.3,4.7584,584.8168,565.7832,574.8280635064667,570.324657444153,4.503406062313729,5.023625670811555,-0.5202196084978254,582.0
2023-12-15,585.0,586.0,580.0,580.0391845703125,54323262,575.55,53.2468,575.55,5.1348,585.8196,565.2804,576.3929768131641,571.4117198556972,4.981256957466826,5.015151928142609,-0.0338949706757834,585.0
2023-12-18,579.0,585.0,577.0,580.0391845703125,26122277,575.95,55.4054,575.95,5.5486,587.0472,564.8528,577.7171342265235,572.4182591256456,5.298875100877922,5.0718965626896715,0.2269785381882503,585.0
2023-12-19,588.0,588.0,580.0,580.0391845703125,28254292,575.95,50.0,575.95,5.5486,587.0472,564.8528,578.8375751147507,573.3502399311534,5.487335183597338,5.154984286871205,0.33235089672613327,585.0
2023-12-20,587.0,587.0,583.0,580.0391845703125,38121456,576.35,56.8966,576.35,5.9052,588.1604,564.5396,579.7856404817121,574.2131851214384,5.572455360273693,5.238478501551702,0.3339768587219911,585.0
2023-12-21,577.0,579.0,575.0,572.1069946289062,24923414,576.3,49.2308,576.3,5.8947,588.0894,564.5106,579.3570804076026,574.4196158531837,4.9374645544188525,5.178275712125132,-0.24081115770627992,577.0
2023-12-22,582.0,582.0,579.0,577.0646362304688,18690214,576.65,55.2239,576.65,6.0199,588.6898,564.6102,579.7636834218176,574.9811257899848,4.782557631832788,5.099132096066663,-0.3165744642338755,582.0
2023-12-25,582.0,585.0,580.0,576.0731201171875,9548143,577.3,60.6557,577.3,5.7317,588.7634,565.8366,579.9538859723073,575.4269683240601,4.526917648247149,4.98468920650276,-0.4577715582556108,581.0
2023-12-26,583.0,586.0,582.0,581.0307006835938,16094308,577.85,59.322,577.85,6.0199,589.8898,565.8102,580.8840573611831,576.2101558556112,4.673901505571848,4.922531666316578,-0.24863016074472988,586.0
2023-12-27,587.0,592.0,586.0,586.9797973632812,33401336,578.75,64.0625,578.75,6.719,592.188,565.312,582.5942023825395,577.3797739403808,5.214428442158692,4.980911021485001,0.23351742067369052,592.0
2023-12-28,592.0,593.0,589.0,587.9713134765625,25514849,579.55,62.9032,579.55,7.416,594.382,564.718,584.1950943236873,578.5368277225748,5.658266601112473,5.116382137410496,0.5418844637019768,593.0
2023-12-29,589.0,593.0,589.0,587.9713134765625,18416318,580.25,61.6667,580.25,7.9992,596.2484,564.2516,585.5496951969661,579.6081738171988,5.941521379767323,5.281409985881862,0.6601113938854608,593.0
